Datetime,Water Level (m)
2025-10-26 18:00:00,1.1344987
2025-10-26 19:00:00,1.0640612
2025-10-26 20:00:00,0.7553507
2025-10-26 21:00:00,0.32113037
2025-10-26 22:00:00,-0.10683901
2025-10-26 23:00:00,-0.39491817
2025-10-27 00:00:00,-0.4876794
2025-10-27 01:00:00,-0.4582497
2025-10-27 02:00:00,-0.26840535
2025-10-27 03:00:00,0.049772773
2025-10-27 04:00:00,0.41204038
2025-10-27 05:00:00,0.6559527
2025-10-27 06:00:00,0.7328915
2025-10-27 07:00:00,0.66527086
2025-10-27 08:00:00,0.43800825
2025-10-27 09:00:00,0.11888492
2025-10-27 10:00:00,-0.20444366
2025-10-27 11:00:00,-0.43521506
2025-10-27 12:00:00,-0.5207745
2025-10-27 13:00:00,-0.48237062
2025-10-27 14:00:00,-0.31340173
2025-10-27 15:00:00,0.025406487
2025-10-27 16:00:00,0.41706613
2025-10-27 17:00:00,0.7374185
2025-10-27 18:00:00,0.9433802
2025-10-27 19:00:00,0.99593925
2025-10-27 20:00:00,0.8559335
2025-10-27 21:00:00,0.59344566
2025-10-27 22:00:00,0.294317
2025-10-27 23:00:00,-0.010179987
2025-10-28 00:00:00,-0.22077756
2025-10-28 01:00:00,-0.27552426
2025-10-28 02:00:00,-0.22661495
2025-10-28 03:00:00,-0.07736422
2025-10-28 04:00:00,0.17333575
2025-10-28 05:00:00,0.4409708
2025-10-28 06:00:00,0.59749794
2025-10-28 07:00:00,0.6543307
2025-10-28 08:00:00,0.6087823
2025-10-28 09:00:00,0.44782874
2025-10-28 10:00:00,0.22376145
2025-10-28 11:00:00,0.0024618374
2025-10-28 12:00:00,-0.16106445
2025-10-28 13:00:00,-0.24243015
2025-10-28 14:00:00,-0.22792877
2025-10-28 15:00:00,-0.08632211
2025-10-28 16:00:00,0.17311811
2025-10-28 17:00:00,0.47571063
2025-10-28 18:00:00,0.73347235
2025-10-28 19:00:00,0.9047714
2025-10-28 20:00:00,0.9188944
2025-10-28 21:00:00,0.8025652
2025-10-28 22:00:00,0.6081681
2025-10-28 23:00:00,0.34392142
2025-10-29 00:00:00,0.07290946
2025-10-29 01:00:00,-0.11113794
2025-10-29 02:00:00,-0.18290207
2025-10-29 03:00:00,-0.1972302
2025-10-29 04:00:00,-0.11272393
2025-10-29 05:00:00,0.07347101
2025-10-29 06:00:00,0.2710802
2025-10-29 07:00:00,0.41158584
2025-10-29 08:00:00,0.4894165
2025-10-29 09:00:00,0.47691998
2025-10-29 10:00:00,0.3606062
2025-10-29 11:00:00,0.18333162
2025-10-29 12:00:00,0.0073231207
2025-10-29 13:00:00,-0.17310858
2025-10-29 14:00:00,-0.26666415
2025-10-29 15:00:00,-0.25061116
2025-10-29 16:00:00,-0.15127033
2025-10-29 17:00:00,0.022545151
2025-10-29 18:00:00,0.28058192
2025-10-29 19:00:00,0.5339143
2025-10-29 20:00:00,0.68013924
2025-10-29 21:00:00,0.7267573
2025-10-29 22:00:00,0.6915814
2025-10-29 23:00:00,0.54364014
2025-10-30 00:00:00,0.31256175
2025-10-30 01:00:00,0.07081665
2025-10-30 02:00:00,-0.1294045
2025-10-30 03:00:00,-0.27324083
2025-10-30 04:00:00,-0.34318763
2025-10-30 05:00:00,-0.2947873
2025-10-30 06:00:00,-0.15422674
2025-10-30 07:00:00,0.036938276
2025-10-30 08:00:00,0.25677207
2025-10-30 09:00:00,0.41444716
2025-10-30 10:00:00,0.47389394
2025-10-30 11:00:00,0.4431581
2025-10-30 12:00:00,0.32025942
2025-10-30 13:00:00,0.11264917
2025-10-30 14:00:00,-0.110076144
2025-10-30 15:00:00,-0.26342157
2025-10-30 16:00:00,-0.33637366
2025-10-30 17:00:00,-0.33419883
2025-10-30 18:00:00,-0.2021729
2025-10-30 19:00:00,0.049319513
2025-10-30 20:00:00,0.3151668
2025-10-30 21:00:00,0.5550318
2025-10-30 22:00:00,0.71430385
2025-10-30 23:00:00,0.722144
2025-10-31 00:00:00,0.5952766
2025-10-31 01:00:00,0.37513286
2025-10-31 02:00:00,0.08085719
2025-10-31 03:00:00,-0.21952167
2025-10-31 04:00:00,-0.43315277
2025-10-31 05:00:00,-0.52182686
2025-10-31 06:00:00,-0.51585215
2025-10-31 07:00:00,-0.3771046
2025-10-31 08:00:00,-0.09233873
2025-10-31 09:00:00,0.229745
2025-10-31 10:00:00,0.48905507
2025-10-31 11:00:00,0.6370224
2025-10-31 12:00:00,0.6577069
2025-10-31 13:00:00,0.5069867
2025-10-31 14:00:00,0.23136121
2025-10-31 15:00:00,-0.06672672
2025-10-31 16:00:00,-0.32516423
2025-10-31 17:00:00,-0.48728514
2025-10-31 18:00:00,-0.51087046
2025-10-31 19:00:00,-0.3757739
2025-10-31 20:00:00,-0.12389894
2025-10-31 21:00:00,0.23645635
2025-10-31 22:00:00,0.60737365
2025-10-31 23:00:00,0.8263409
2025-11-01 00:00:00,0.871654
2025-11-01 01:00:00,0.7610135
2025-11-01 02:00:00,0.4710059
2025-11-01 03:00:00,0.06304088
2025-11-01 04:00:00,-0.34503376
2025-11-01 05:00:00,-0.6248508
2025-11-01 06:00:00,-0.74540126
2025-11-01 07:00:00,-0.7191501
2025-11-01 08:00:00,-0.49132746
2025-11-01 09:00:00,-0.08230895
2025-11-01 10:00:00,0.3799833
2025-11-01 11:00:00,0.74708194
2025-11-01 12:00:00,0.9363671
2025-11-01 13:00:00,0.9371252
2025-11-01 14:00:00,0.7101934
2025-11-01 15:00:00,0.3501105
2025-11-01 16:00:00,-0.06348409
2025-11-01 17:00:00,-0.43917596
2025-11-01 18:00:00,-0.6299276
